depth_scale,depth_shape,lrr_opt,B_opt,dev_best
1,0,5,641,3.9285502207305925
1,1,5,641,3.9285545661483723
2,1,5,302,3.929107757942423
2,2,5,319,3.929100747480831
3,1,5,207,3.9292576795013368
3,2,5,207,3.9292612761690853
3,3,5,207,3.9292633136798805
